id,example_ja,example_zh
n4_0001,毎朝、先生に挨拶します。,每天早上向老師打招呼。
n4_0002,駅まで案内します。,帶路到車站。
n4_0003,会議で意見を言います。,在會議中說出意見。
n4_0005,受付で名前を書きます。,在櫃台寫名字。
n4_0006,黒板の字をノートに写します。,把黑板上的字抄到筆記本。
n4_0010,子供の時のことを思い出します。,想起小時候的事。
n4_0011,来週、会議に参加します。,下週參加會議。
n4_0012,約束は必ず守ります。,一定會遵守約定。
n4_0014,日本語を話す機会が増えました。,說日文的機會增加了。
n4_0015,この道は危険です。,這條路很危險。
n4_0016,学校の規則を守ります。,遵守學校規則。
n4_0017,今日は気分がいいです。,今天心情很好。
n4_0019,急行に乗ります。,搭快車。
n4_0021,この仕事で多くの経験をしました。,在這份工作中累積了許多經驗。
n4_0022,山の景色がきれいです。,山上的景色很漂亮。
n4_0024,父は工場で働いています。,爸爸在工廠工作。
n4_0025,パソコンが故障しました。,電腦故障了。
n4_0027,音を少し下げます。,把音量稍微降低。
n4_0028,図書館で騒がないでください。,請不要在圖書館吵鬧。
n4_0029,旅行の支度をします。,做旅行準備。
n4_0030,失敗しても、また練習します。,就算失敗，也會再練習。
n4_0031,電車は九時に出発します。,電車九點出發。
n4_0032,試験の準備をします。,準備考試。
n4_0033,友達を家に招待します。,邀請朋友到家裡。
n4_0034,予定をメールで知らせます。,用電子郵件通知行程。
n4_0035,親切な人に道を教えてもらいました。,親切的人告訴我路。
n4_0037,先生が文法を説明します。,老師說明文法。
n4_0038,家族と相談します。,和家人商量。
n4_0039,家で花を育てています。,在家裡種花。
n4_0040,友達は大切です。,朋友很重要。
n4_0041,確か、会議は三時です。,我記得會議是三點。
n4_0042,先生の家を訪ねます。,拜訪老師家。
n4_0043,明日は都合が悪いです。,明天不方便。
n4_0045,この場所は特別です。,這個場所很特別。
n4_0047,机の上に本を並べます。,把書排列在桌上。
n4_0048,来年、大学に入学します。,明年進大學。
n4_0050,人前で話すのは恥ずかしいです。,在人前說話很害羞。
n4_0051,旅行にはパスポートが必要です。,旅行需要護照。
n4_0052,この問題は複雑です。,這個問題很複雜。
n4_0053,普通の生活が一番です。,普通的生活最好。
n4_0054,先生にメールで返事を書きました。,用電子郵件回覆老師。
n4_0056,無理をしないで、少し休みましょう。,不要勉強，稍微休息一下吧。
n4_0057,友達との約束を守ります。,遵守和朋友的約定。
n4_0058,週末の予定を手帳に書きました。,把週末的預定寫在記事本上。
n4_0059,遅れた理由を先生に説明しました。,向老師說明遲到的理由。
n4_0060,あとで連絡します。,等一下聯絡。
n4_0061,赤ん坊が静かに寝ています。,嬰兒安靜地睡著。
n4_0062,この川は浅いので、子供も遊べます。,這條河很淺，所以小孩也能玩。
n4_0063,このスープはやさしい味がします。,這碗湯味道很溫和。
n4_0064,駅前に学生が集まります。,學生聚集在車站前。
n4_0065,古い切手を集めています。,正在收集舊郵票。
n4_0066,遅れたので謝ります。,因為遲到所以道歉。
n4_0067,母の声を聞いて安心しました。,聽到媽媽的聲音後安心了。
n4_0068,旅行の前に安全を確認します。,旅行前確認安全。
n4_0069,関係者以外は入れません。,相關人員以外不能進入。
n4_0070,兄は大学で医学を勉強しています。,哥哥在大學學醫學。
n4_0071,公園で小さな生き物を見つけました。,在公園發現了小生物。
n4_0072,弱い人をいじめてはいけません。,不能欺負弱小的人。
n4_0073,先生から本を頂きました。,從老師那裡得到了書。
n4_0074,一度だけ、その店に行ったことがあります。,只去過那家店一次。
n4_0075,かばんの中は本でいっぱいです。,包包裡裝滿了書。
n4_0076,針に赤い糸を通しました。,把紅線穿過針。
n4_0077,レポートは三日以内に出してください。,報告請在三天以內交出。
n4_0078,夏休みに田舎へ帰りました。,暑假回了鄉下。
n4_0079,家族の健康を祈ります。,祈禱家人健康。
n4_0080,先生は教室にいらっしゃいます。,老師在教室。
n4_0081,庭に花を植えます。,在庭院種花。
n4_0082,明日、先生のお宅へ伺います。,明天拜訪老師家。
n4_0083,来月、試験を受けます。,下個月參加考試。
n4_0084,嘘をついてはいけません。,不可以說謊。
n4_0085,子供のころ、宇宙に興味がありました。,小時候對宇宙有興趣。
n4_0086,海の夕日がとても美しいです。,海邊的夕陽非常美。
n4_0087,新しい部屋に移ります。,搬到新的房間。
n4_0088,紙の裏に名前を書いてください。,請在紙的背面寫名字。
n4_0089,売り場で友達と会います。,在賣場、櫃位和朋友見面。
n4_0090,台風で木の枝が折れました。,颱風把樹枝吹斷了。
n4_0091,遠慮しないで、たくさん食べてください。,請不要客氣，多吃一點。
n4_0092,先生はもうおいでになります。,老師已經來了。
n4_0093,先生のお陰で試験に合格しました。,多虧老師，考試及格了。
n4_0094,朝、弟を起こします。,早上叫醒弟弟。
n4_0095,先生は少し怒っています。,老師有點生氣。
n4_0096,先生のお宅へ伺いました。,去了老師府上拜訪。
n4_0097,葉が木から落ちます。,葉子從樹上掉下來。
n4_0098,先生がおっしゃいました。,老師說了。
n4_0099,コンビニでお釣りを受け取りました。,在便利商店收下找零。
n4_0100,財布を落としました。,弄掉錢包。
n4_0101,大きい音に驚きました。,被很大的聲音嚇到。
n4_0102,週末に友達とお祭りへ行きます。,週末要和朋友去祭典。
n4_0103,入院した友達のお見舞いに行きました。,去探望住院的朋友。
n4_0104,封筒の表に住所を書きます。,在信封正面寫地址。
n4_0105,親に毎週電話をかけています。,每週打電話給父母。
n4_0106,紙を半分に折ります。,把紙對折。
n4_0107,強い風で枝が折れました。,樹枝被強風吹斷了。
n4_0108,映画の終わりで少し泣きました。,在電影結尾稍微哭了。
n4_0109,会場で友達と会います。,在會場和朋友見面。
n4_0110,日本語で短い会話を練習しました。,用日文練習短會話。
n4_0111,科学の授業で実験をしました。,在科學課做了實驗。
n4_0112,壁に時計を掛けます。,把時鐘掛在牆上。
n4_0113,部屋に花を飾ります。,在房間裝飾花。
n4_0114,台所の火事に気をつけてください。,請小心廚房火災。
n4_0115,試合に勝ちました。,比賽贏了。
n4_0116,家内は今、買い物に出ています。,內人現在出門買東西。
n4_0117,壁に新しいカレンダーを掛けました。,把新月曆掛在牆上。
n4_0118,小さいことは構いません。,小事沒關係。
n4_0119,神様に家族の健康を祈りました。,向神明祈求家人健康。
n4_0120,よく噛んで食べます。,好好咀嚼再吃。
n4_0121,毎日学校に通っています。,每天通學。
n4_0122,洗濯物が乾きました。,洗好的衣服乾了。
n4_0123,兄の代わりに荷物を受け取りました。,代替哥哥收下行李。
n4_0124,町の様子が変わりました。,城鎮的樣子改變了。
n4_0125,仕事と健康の関係を調べています。,正在調查工作與健康的關係。
n4_0126,簡単な説明です。,是簡單的説明。
n4_0127,姉は文学部で勉強しています。,姐姐在文學院念書。
n4_0128,隣の部屋から音が聞こえます。,聽得到隔壁房間的聲音。
n4_0129,昔は汽車で旅行する人が多かったです。,以前很多人搭火車旅行。
n4_0130,日本には四つの季節があります。,日本有四個季節。
n4_0131,このスカーフは絹でできています。,這條圍巾是絲綢做的。
n4_0132,父は厳しい人です。,爸爸是嚴格的人。
n4_0133,君の意見を聞かせてください。,請讓我聽聽你的意見。
n4_0134,初めての給料で母に花を買いました。,用第一份薪水買花給媽媽。
n4_0135,子供の教育について両親と相談しました。,和父母商量孩子的教育。
n4_0136,日曜日に古い教会を見学しました。,星期日參觀了老教堂。
n4_0137,競争が激しいので、毎日練習します。,競爭很激烈，所以每天練習。
n4_0138,日本の歴史に興味があります。,對日本歷史有興趣。
n4_0139,近所で友達と会います。,在附近、鄰近和朋友見面。
n4_0140,今日は体の具合がよくありません。,今天身體狀況不太好。
n4_0141,新聞で世界の経済を勉強します。,從報紙學習世界經濟。
n4_0142,転んで足に怪我をしました。,跌倒後腳受傷了。
n4_0143,弟と喧嘩して、あとで謝りました。,和弟弟吵架，之後道歉了。
n4_0144,大学で日本語教育を研究しています。,在大學研究日語教育。
n4_0145,京都のお寺を見物しました。,參觀了京都的寺廟。
n4_0146,朝は交通が混んでいます。,早上交通很壅塞。
n4_0147,市役所で公務員に質問しました。,在市公所詢問公務員。
n4_0148,国民の生活を守る制度です。,這是保護國民生活的制度。
n4_0149,質問に答えます。,回答問題。
n4_0150,毎日勉強して、試験に合格しました。,每天讀書，考試及格了。
n4_0151,先生はそのニュースをご存じです。,老師知道那則新聞。
n4_0152,ご馳走を食べます。,吃盛宴、款待。
n4_0153,盛んなことです。,是興盛、熱烈的こと。
n4_0154,友達を映画に誘います。,邀請朋友去看電影。
n4_0155,さっき駅で友達に会いました。,剛才在車站遇到朋友。
n4_0156,一人で帰る道は少し寂しいです。,一個人回家的路上有點寂寞。
n4_0157,お茶が冷めました。,茶變涼了。
n4_0158,再来月に友達と会います。,下下個月和朋友見面。
n4_0159,再来週に友達と会います。,下下週和朋友見面。
n4_0160,再来年、日本へ留学する予定です。,後年預定去日本留學。
n4_0161,母が弟を叱ります。,媽媽責罵弟弟。
n4_0162,店で安い品物を探しました。,在店裡找便宜的商品。
n4_0163,しばらくここで待ちます。,暫時在這裡等。
n4_0164,服を箱にしまいます。,把衣服收進箱子。
n4_0165,多くの市民が会議に参加しました。,許多市民參加了會議。
n4_0166,社会のルールを守りましょう。,遵守社會規則吧。
n4_0167,社長に新しい計画を説明しました。,向社長說明新計畫。
n4_0168,早く寝る習慣をつけたいです。,想養成早睡的習慣。
n4_0169,会議への出席を確認しました。,確認了會議出席。
n4_0170,正月に友達と会います。,新年、正月和朋友見面。
n4_0171,電車の中で小説を読みました。,在電車裡讀小說。
n4_0172,将来は医者になりたいです。,將來想成為醫生。
n4_0173,スーパーで食料品を買いました。,在超市買了食品。
n4_0174,交差点で事故がありました。,十字路口發生事故。
n4_0175,夜中に大きな地震がありました。,半夜發生了大地震。
n4_0176,この時代の文学を読んでいます。,正在讀這個時代的文學。
n4_0177,このドアは自動で開きます。,這扇門會自動打開。
n4_0178,事務所で友達と会います。,在辦公室和朋友見面。
n4_0179,勉強の邪魔をしないでください。,請不要妨礙我讀書。
n4_0180,休みの日は自由に過ごします。,休假日自由地度過。
n4_0181,兄は高校で柔道を習っています。,哥哥在高中學柔道。
n4_0182,この町の人口は少し増えました。,這個城鎮的人口稍微增加了。
n4_0183,夏休みに水泳を習いました。,暑假學了游泳。
n4_0184,九時を過ぎました。,已經過九點了。
n4_0185,席が空いています。,座位空著。
n4_0186,彼の日本語はすごいです。,他的日文很厲害。
n4_0187,すっかり早く来てください。,請完全地早點來。
n4_0188,素晴らしい発表でした。,那是很棒的發表。
n4_0189,部屋の隅にかばんを置きました。,把包包放在房間角落。
n4_0190,駅では掏摸に注意してください。,在車站請小心扒手。
n4_0191,授業で日本の政治を学びました。,在課堂上學了日本政治。
n4_0192,西洋の美術に興味があります。,對西洋美術有興趣。
n4_0193,世界のニュースを毎朝見ます。,每天早上看世界新聞。
n4_0194,戦争の歴史を忘れてはいけません。,不可以忘記戰爭的歷史。
n4_0195,ゆっくりそいます。,慢慢地那樣、對。
n4_0196,来年、大学を卒業します。,明年大學畢業。
n4_0197,部屋はそのままにしておいてください。,請讓房間保持原樣。
n4_0198,今日はそれほど寒くありません。,今天沒有那麼冷。
n4_0199,祖父は来週退院します。,祖父下週出院。
n4_0200,正しい答えを選んでください。,請選正確答案。
n4_0201,庭に旗を立てました。,我在院子裡立了旗子。
n4_0202,例えば、こんな言い方があります。,例如，有這樣的說法。
n4_0203,週末の旅行を楽しみにしています。,我很期待週末的旅行。
n4_0204,たまに一人で映画を見ます。,我偶爾一個人看電影。
n4_0205,家族との時間はとても大事です。,和家人在一起的時間非常重要。
n4_0206,薬を飲んで、だいぶ楽になりました。,吃藥後舒服多了。
n4_0207,ここで写真を撮っては駄目です。,這裡不可以拍照。
n4_0208,重い荷物を持つ力がありません。,我沒有力氣拿重行李。
n4_0209,説明を聞いても、ちっとも分かりません。,即使聽了說明，我也一點都不懂。
n4_0210,妹は兄をお兄ちゃんと呼びます。,妹妹叫哥哥「お兄ちゃん」。
n4_0211,道を渡るときは車に注意してください。,過馬路時請注意車子。
n4_0212,病院で注射を受けました。,我在醫院打了針。
n4_0213,車を駅前の駐車場に止めました。,我把車停在車站前的停車場。
n4_0214,地理の授業で日本の地図を見ました。,地理課看了日本地圖。
n4_0215,プレゼントをきれいな紙で包みました。,我用漂亮的紙把禮物包起來。
n4_0216,日本語の勉強を毎日続けています。,我每天持續學日文。
n4_0217,来年、日本へ旅行するつもりです。,我打算明年去日本旅行。
n4_0218,先生はいつも丁寧に説明してくれます。,老師總是仔細地為我們說明。
n4_0219,この仕事には適当な人を選びましょう。,我們選一個適合這份工作的人吧。
n4_0220,出かける前に天気予報を見ます。,出門前我會看天氣預報。
n4_0221,美術館の展覧会に行きました。,我去了美術館的展覽會。
n4_0222,部屋の電灯を消してください。,請關掉房間的電燈。
n4_0223,今日は特に寒いです。,今天特別冷。
n4_0224,父は月に一度、床屋へ行きます。,爸爸一個月去一次理髮店。
n4_0225,学校へ行く途中で友達に会いました。,我在去學校的途中遇到朋友。
n4_0226,忘れ物を友達の家に届けました。,我把朋友忘了帶的東西送到他家。
n4_0227,古い電池を新しいものに取り替えました。,我把舊電池換成新的。
n4_0228,泥棒に財布を取られました。,錢包被小偷偷走了。
n4_0229,なるべく早く返事をします。,我會盡量早點回覆。
n4_0230,なるほど、そういう意味だったんですね。,原來如此，是那個意思啊。
n4_0231,この薬はとても苦いです。,這個藥很苦。
n4_0232,猫が窓から外へ逃げました。,貓從窗戶逃到外面了。
n4_0233,兄と弟は顔がよく似ています。,哥哥和弟弟長得很像。
n4_0234,人の物を盗んではいけません。,不可以偷別人的東西。
n4_0235,雨で服が濡れました。,衣服被雨淋濕了。
n4_0236,買う前に値段を比べます。,買之前我會比較價格。
n4_0237,彼女は仕事に熱心です。,她對工作很熱心。
n4_0238,次の駅で地下鉄に乗り換えます。,我在下一站轉乘地下鐵。
n4_0239,先生の写真を拝見しました。,我拜看了老師的照片。
n4_0240,歯が痛いので歯医者へ行きます。,因為牙齒痛，所以我要去看牙醫。
n4_0241,もっとはっきり話してください。,請說得更清楚一點。
n4_0242,毎朝、日本語の発音を練習します。,我每天早上練習日文發音。
n4_0243,春に友達と花見をしました。,春天我和朋友去賞花。
n4_0244,林の中を静かに歩きました。,我在樹林裡安靜地走。
n4_0245,私はその意見に反対です。,我反對那個意見。
n4_0246,冬の朝は手が冷えます。,冬天早上手會冰冷。
n4_0247,夜空で星が光っています。,星星在夜空中閃耀。
n4_0248,机の引き出しに鍵を入れました。,我把鑰匙放進書桌抽屜。
n4_0249,父は髭をきれいにそりました。,爸爸把鬍子刮乾淨了。
n4_0250,飛行場で友達を迎えました。,我在機場接朋友。
n4_0251,久しぶりに高校の友達に会いました。,我久違地見到了高中朋友。
n4_0252,昨日の雨は本当に酷かったです。,昨天的雨真的很嚴重。
n4_0253,昼間は図書館で勉強しています。,我白天在圖書館讀書。
n4_0254,このプールはとても深いです。,這個游泳池很深。
n4_0255,家で今日の文法を復習しました。,我在家複習了今天的文法。
n4_0256,駅から遠くて少し不便です。,離車站很遠，有點不方便。
n4_0257,暗くて、足で紙を踏んでしまいました。,因為很暗，我不小心用腳踩到紙。
n4_0258,駅に着いたとき、雨が降り出しました。,到車站時，雨開始下了。
n4_0259,部長に資料を渡しました。,我把資料交給部長。
n4_0260,旅行で日本の文化を体験しました。,旅行時我體驗了日本文化。
n4_0261,大学で文学を勉強しています。,我在大學學文學。
n4_0262,今日は別の道を通って帰ります。,今天我要走別的路回家。
n4_0263,夜のニュースで台風の放送を見ました。,我在晚間新聞看了颱風播報。
n4_0264,新しい法律が来月から始まります。,新的法律從下個月開始施行。
n4_0265,先生が私の作文を褒めてくれました。,老師稱讚了我的作文。
n4_0266,この文章を日本語に翻訳します。,我把這篇文章翻譯成日文。
n4_0267,父の会社はアジアの国々と貿易をしています。,爸爸的公司和亞洲各國做貿易。
n4_0268,明日、そちらへ参ります。,明天我會過去您那裡。
n4_0269,水又はお茶を選んでください。,請選水或茶。
n4_0270,電話番号を間違えました。,我弄錯了電話號碼。
n4_0271,部屋の真ん中に机を置きました。,我把桌子放在房間正中央。
n4_0272,窓から海が見えます。,從窗戶看得見海。
n4_0273,朝早く港を散歩しました。,我一大早在港口散步。
n4_0274,昔、この町には電車がありませんでした。,以前這個城鎮沒有電車。
n4_0275,庭で小さな虫を見つけました。,我在院子裡發現小蟲。
n4_0276,息子は今年、中学生になります。,我兒子今年要上國中。
n4_0277,娘は今年小学校に入ります。,女兒今年上小學。
n4_0278,先生は昼ご飯を召し上がりました。,老師吃了午餐。
n4_0279,公園で珍しい鳥を見ました。,我在公園看到了少見的鳥。
n4_0280,心からお礼を申し上げます。,我由衷向您致謝。
n4_0281,私は山田と申します。,我叫山田。
n4_0282,忘れ物を取りに家へ戻りました。,我回家拿忘了帶的東西。
n4_0283,木綿のシャツは着やすいです。,棉布襯衫很好穿。
n4_0284,夕飯に魚を焼きます。,晚餐我要烤魚。
n4_0285,パンがきれいに焼けました。,麵包烤得很漂亮。
n4_0286,長い会議がやっと終わりました。,漫長的會議終於結束了。
n4_0287,やはりこの店のカレーはおいしいです。,這家店的咖哩果然很好吃。
n4_0288,夕方になって雨が止みました。,到了傍晚雨停了。
n4_0289,このパンは柔らかくておいしいです。,這個麵包很軟又好吃。
n4_0290,この港から車を輸出しています。,從這個港口輸出汽車。
n4_0291,この店は外国の果物を輸入しています。,這家店進口外國水果。
n4_0292,将来の夢を作文に書きました。,我把將來的夢想寫進作文裡。
n4_0293,地震で家が大きく揺れました。,房子因地震大幅搖晃。
n4_0294,今日は先生に用があります。,我今天有事要找老師。
n4_0295,旅行の用意を早めにしました。,我提早做好旅行準備。
n4_0296,雨で靴が汚れました。,鞋子被雨弄髒了。
n4_0297,授業の前に新しい単語を予習します。,我在上課前預習新單字。
n4_0298,この椅子に座ると楽です。,坐這張椅子很舒服。
n4_0299,駅前のレンタル自転車を利用しました。,我使用了車站前的租借腳踏車。
n4_0300,温泉のある旅館に泊まりました。,我住在有溫泉的日式旅館。
n4_0301,旅行中、家は留守になります。,旅行期間家裡沒有人。
n4_0302,暑いので冷房をつけました。,因為很熱，所以我開了冷氣。
n4_0303,この町の歴史を調べました。,我查了這個城鎮的歷史。
n4_0304,お茶を入れるためにお湯を沸かします。,我要燒開水來泡茶。
n4_0305,お湯が沸いたら、火を止めてください。,水煮開後，請關火。
n4_0306,遅れた訳を説明してください。,請說明遲到的理由。
n4_0307,電車に忘れ物をしてしまいました。,我把東西忘在電車上了。
n4_0308,落としてコップが割れました。,杯子掉下去破了。
n4_0309,夏休みの間に本を五冊読みます。,我暑假期間要讀五本書。
n4_0310,試合の相手は強いチームです。,比賽對手是很強的隊伍。
n4_0311,階段を上がって二階へ行きます。,我走樓梯上二樓。
n4_0312,試合のあとで相手と握手しました。,比賽後我和對手握手。
n4_0313,ボールが窓に当たりました。,球打到了窗戶。
n4_0314,料理が少し余りました。,料理剩下一點。
n4_0315,祖母は冬に編み物をします。,祖母冬天會編織。
n4_0316,仕事が安定して、安心しました。,工作穩定後，我放心了。
n4_0317,小学生以下は入場無料です。,小學生以下免費入場。
n4_0318,意外と早く宿題が終わりました。,作業意外地很快就完成了。
n4_0319,走ったあとで息が苦しくなりました。,跑步後呼吸變得很喘。
n4_0320,財布には幾らかお金が残っています。,錢包裡還剩一些錢。
n4_0321,高校生以上なら参加できます。,高中生以上可以參加。
n4_0322,急ぎの用事で会社へ戻りました。,我因為急事回公司了。
n4_0323,準備は私がいたします。,準備由我來做。
n4_0324,一応、もう一度確認しましょう。,我們先再確認一次吧。
n4_0325,試験のために一生懸命勉強しました。,我為了考試努力讀書。
n4_0326,一般の客もこの店に入れます。,一般客人也可以進這家店。
n4_0327,夏休みに従兄弟と海へ行きました。,暑假我和堂表兄弟姊妹去了海邊。
n4_0328,空が暗くなって、今にも雨が降りそうです。,天空變暗，眼看就要下雨了。
n4_0329,嫌なことがあっても、明日はまた頑張ります。,即使遇到討厭的事，明天我還是會繼續努力。
n4_0330,係員に入口を案内してもらいました。,工作人員帶我去了入口。
n4_0331,玄関の前に植木を置きました。,我在玄關前放了盆栽。
n4_0332,受付で申し込みを受け付けています。,櫃台正在受理報名。
n4_0333,机を少し動かしてください。,請把桌子稍微移動一下。
n4_0334,パソコンでメールを打ちました。,我用電腦打了電子郵件。
n4_0335,パスポートの写しを一枚取ります。,我要影印一份護照副本。
n4_0336,彼は料理が上手いです。,他很擅長做菜。
n4_0337,紙を裏返して、裏にも名前を書きました。,我把紙翻面，也在背面寫了名字。
n4_0338,この店は夜十時まで営業しています。,這家店營業到晚上十點。
n4_0339,友達の結婚祝いを買いました。,我買了朋友的結婚賀禮。
n4_0340,誕生日に小さな贈り物をもらいました。,生日時我收到一份小禮物。
n4_0341,妹は毎朝、髪をお下げにしています。,妹妹每天早上都把頭髮綁成辮子。
n4_0342,あと一点で合格だったので、惜しい結果でした。,只差一分就及格，所以結果很可惜。
n4_0343,お嬢さんは何歳でいらっしゃいますか。,令千金幾歲呢？
n4_0344,旅行中、友達にお世話になりました。,旅行中我受朋友照顧了。
n4_0345,昨夜、恐ろしい夢を見ました。,昨晚我做了可怕的夢。
n4_0346,お互いに助け合いましょう。,我們彼此互相幫忙吧。
n4_0347,風邪ですか。どうぞお大事に。,你感冒了嗎？請保重。
n4_0348,祭りで子供たちの踊りを見ました。,我在祭典看了孩子們的舞蹈。
n4_0349,店でおまけを一つもらいました。,我在店裡拿到一個附贈品。
n4_0350,紙が飛ばないように重りを置きました。,為了不讓紙飛走，我放了重物壓著。
n4_0351,三時におやつを食べました。,我三點吃了點心。
n4_0352,助けてくれた人にお礼を言いました。,我向幫忙的人道謝。
n4_0353,朝、海岸を散歩しました。,早上我在海岸散步。
n4_0354,レストランで会計を済ませました。,我在餐廳結完帳。
n4_0355,会社の帰りにスーパーへ寄ります。,我下班回家路上會順道去超市。
n4_0356,正月に鏡餅を飾りました。,新年時我擺了鏡餅。
n4_0357,旅行で大きな火山を見ました。,旅行時我看到了大火山。
n4_0358,店員は「畏まりました」と答えました。,店員回答「我明白了」。
n4_0359,人数を数えてください。,請數一下人數。
n4_0360,このパンは少し硬いです。,這個麵包有點硬。
n4_0361,この箱は面白い形をしています。,這個盒子的形狀很有趣。
n4_0362,週末はボランティア活動に参加します。,週末我要參加志工活動。
n4_0363,悲しい映画を見て泣きました。,我看了悲傷的電影後哭了。
n4_0364,高い物が必ずしもいいとは限りません。,貴的東西未必就一定好。
n4_0365,彼は金持ちですが、生活は質素です。,他很有錢，但生活很樸素。
n4_0366,彼女は同じクラスの友達です。,她是同班同學。
n4_0367,少し遅れても構いません。,稍微晚一點也沒關係。
n4_0368,夕方から雷が鳴っています。,傍晚開始打雷。
n4_0369,雨の中で待っている子供が可哀想でした。,在雨中等待的小孩令人覺得可憐。
n4_0370,京都で観光を楽しみました。,我在京都享受觀光旅遊。
n4_0371,母は病院で看護の仕事をしています。,媽媽在醫院做護理工作。
n4_0372,春の風を感じました。,我感受到了春天的風。
n4_0373,寒い日は膝の関節が痛くなります。,天冷時膝關節會痛。
n4_0374,大学で外国語を二つ学びました。,我在大學學了兩門外語。
n4_0375,毎日の学習が大切です。,每天學習很重要。
n4_0376,新しい学期は四月に始まります。,新學期四月開始。
n4_0377,学校生活にも少しずつ慣れてきました。,我也漸漸習慣學校生活了。
n4_0378,今日は気温が三十度まで上がりました。,今天氣溫升到三十度。
n4_0379,留学が終わって、来月帰国します。,留學結束後，我下個月回國。
n4_0380,寒いので、子供にコートを着せました。,因為很冷，我幫小孩穿上外套。
n4_0381,まず文法の基礎を勉強しましょう。,我們先學文法基礎吧。
n4_0382,明日はきっと晴れるでしょう。,明天一定會放晴吧。
n4_0383,今日は客が多くて店が忙しいです。,今天客人很多，店裡很忙。
n4_0384,疲れたので、十分休憩しました。,因為累了，我充分休息了。
n4_0385,休日に友達と映画を見に行きます。,假日我要和朋友去看電影。
n4_0386,急に雨が降ってきました。,雨突然下了起來。
n4_0387,兄は高校の教員です。,哥哥是高中教師。
n4_0388,先生が新しい教材を配りました。,老師發了新的教材。
n4_0389,妹はにんじんを嫌います。,妹妹討厭紅蘿蔔。
n4_0390,この店は全席禁煙です。,這家店全面禁菸。
n4_0391,父は病院に勤務しています。,爸爸在醫院工作。
n4_0392,暑い日に食べ物が腐りやすいです。,天熱時食物容易腐壞。
n4_0393,色の組み合わせを考えて服を選びました。,我考慮顏色搭配後選了衣服。
n4_0394,冬は日が早く暮れます。,冬天天黑得早。
n4_0395,母は若いころ、とても苦労したそうです。,聽說媽媽年輕時很辛苦。
n4_0396,道に迷ったので警察に聞きました。,因為迷路，我問了警察。
n4_0397,合計の金額を計算しました。,我計算了總金額。
n4_0398,風邪で学校を欠席しました。,我因為感冒缺席學校。
n4_0399,このことは決して忘れません。,我絕不會忘記這件事。
n4_0400,行きたいけれど、今日は時間がありません。,我想去，但是今天沒有時間。
n4_0401,工場へ見学に行きました。,我去工廠參觀學習。
n4_0402,大学の近くで下宿しています。,我在大學附近租房寄宿。
n4_0403,この店では現金で払いました。,我在這家店用現金付款。
n4_0404,このコーヒーは味が濃いです。,這杯咖啡味道很濃。
n4_0405,週末は郊外の公園へ行きます。,週末我要去郊外的公園。
n4_0406,大学で経済の講義を聞きました。,我在大學聽了一堂經濟學講課。
n4_0407,校長が朝礼で話しました。,校長在朝會上說話。
n4_0408,卒業式は学校の講堂で行われます。,畢業典禮會在學校禮堂舉行。
n4_0409,国際交流のイベントに参加しました。,我參加了國際交流活動。
n4_0410,先生は黒板に漢字を書きました。,老師在黑板上寫了漢字。
n4_0411,重い荷物を持って腰が痛くなりました。,拿了重行李後腰痛了起來。
n4_0412,古い椅子が壊れました。,舊椅子壞了。
n4_0413,今度の日曜日に会いましょう。,這個星期日見吧。
n4_0414,買った物の合計を計算しました。,我計算了買的東西的總金額。
n4_0415,先生は写真をご覧になりました。,老師看了照片。
n4_0416,最近、仕事が忙しいです。,最近工作很忙。
n4_0417,最初に名前を書いてください。,請一開始先寫名字。
n4_0418,この坂を上がると駅があります。,爬上這個坡道後就有車站。
n4_0419,夜になって気温が下がりました。,到了晚上氣溫下降了。
n4_0420,先生にお土産を差し上げました。,我把伴手禮送給老師。
n4_0421,古い自転車が錆びています。,舊腳踏車生鏽了。
n4_0422,この町では観光産業が盛んです。,這個城鎮觀光產業很興盛。
n4_0423,ほかに仕方がないので、歩いて帰りました。,因為沒有其他辦法，所以我走路回家。
n4_0424,来週、入学式に参加します。,下週我要參加入學典禮。
n4_0425,至急、こちらへ連絡してください。,請立刻聯絡我們。
n4_0426,試験場には早めに着きました。,我提早到了考場。
n4_0427,夕日が海に沈みました。,夕陽沉入海中。
n4_0428,先に帰ります。失礼します。,我先回去了，失禮了。
n4_0429,店にはいい品がたくさん並んでいます。,店裡陳列著很多好貨。
n4_0430,週末に友達と芝居を見に行きます。,週末我要和朋友去看戲。
n4_0431,夏休みに小さな島へ旅行しました。,暑假我去小島旅行。
n4_0432,兄は来年、東京で就職します。,哥哥明年會在東京就職。
n4_0433,写真を撮るのが私の趣味です。,拍照是我的興趣。
n4_0434,この店にはお茶の種類が多いです。,這家店茶的種類很多。
n4_0435,友達に先生を紹介しました。,我把老師介紹給朋友。
n4_0436,新しい商品が店に並びました。,新商品陳列在店裡了。
n4_0437,最後まで勝負は分かりません。,不到最後不知道勝負。
n4_0438,明日、友達と食事します。,明天我要和朋友用餐。
n4_0439,昼休みに食堂でカレーを食べました。,午休時我在食堂吃了咖哩。
n4_0440,食事のあとで食器を洗います。,飯後我會洗餐具。
n4_0441,母は私の健康を心配しています。,媽媽擔心我的健康。
n4_0442,時間は十分あります。,時間很足夠。
n4_0443,順番を守って並んでください。,請遵守順序排隊。
n4_0444,このかばんは丈夫で長く使えます。,這個包包很堅固，可以用很久。
n4_0445,この会社では女性の社員が多いです。,這家公司女性員工很多。
n4_0446,水道の水をそのまま飲めます。,自來水可以直接喝。
n4_0447,学校で数学を勉強します。,我在學校學數學。
n4_0448,今日は参加者が少ないです。,今天參加者很少。
n4_0449,工事は予定どおり進んでいます。,工程正照預定進行。
n4_0450,部屋を掃除して、気分がすっきりしました。,打掃房間後，心情變清爽了。
n4_0451,素敵なプレゼントをもらいました。,我收到很棒的禮物。
n4_0452,彼は明るい性格です。,他的性格很開朗。
n4_0453,この工場では車を生産しています。,這間工廠生產汽車。
n4_0454,大学で日本文学を専門に学んでいます。,我在大學專攻日本文學。
n4_0455,子供が元気に育っています。,小孩健康地成長。
n4_0456,そっちの席に座ってもいいですか。,我可以坐你那邊的位子嗎？
n4_0457,祖父は毎朝散歩します。,祖父每天早上散步。
n4_0458,祖母は料理が上手です。,祖母很會做菜。
n4_0459,そろそろ帰りましょう。,差不多該回去了。
n4_0460,台風で電車が止まりました。,因為颱風，電車停駛了。
n4_0461,強い風で木が倒れました。,樹被強風吹倒了。
n4_0462,出発の時間をもう一度確かめます。,我會再確認一次出發時間。
n4_0463,畳の部屋で寝ました。,我睡在榻榻米房間。
n4_0464,机の上に本が溜まっています。,桌上堆了很多書。
n4_0465,姉は京都の大学生です。,姐姐是京都的大學生。
n4_0466,宿題は大体終わりました。,作業大致完成了。
n4_0467,このクラスは男性が少ないです。,這個班上男性很少。
n4_0468,二つの言葉の違いを説明してください。,請說明這兩個詞的差異。
n4_0469,弟は来年中学校に入ります。,弟弟明年上國中。
n4_0470,ちょうど今、駅に着きました。,我剛好現在到車站。
n4_0471,この道の突き当たりを右に曲がってください。,請在這條路的盡頭右轉。
n4_0472,明日の午後は都合がいいです。,我明天下午方便。
n4_0473,寒いので手袋をしました。,因為很冷，我戴了手套。
n4_0474,テストで九十点を取りました。,我考試拿了九十分。
n4_0475,できるだけ早く返事をください。,請盡可能早點回覆。
n4_0476,昔はお祝いに電報を送ることがありました。,以前有時會用電報送祝福。
n4_0477,長い練習のあとで、とうとう試合に勝ちました。,經過長時間練習後，終於贏了比賽。
n4_0478,駅前の通りには店が多いです。,車站前的街道有很多店。
n4_0479,今日は特別に早く帰ってもいいです。,今天特別允許你早點回去。
n4_0480,東京は日本で大きな都市です。,東京是日本的大城市。
n4_0481,貸した本を友達から取り返しました。,我從朋友那裡取回借出的書。
n4_0482,雨がどんどん強くなりました。,雨越下越大。
n4_0483,メールの内容を確認しました。,我確認了電子郵件的內容。
n4_0484,この問題はなかなか難しいです。,這個問題相當難。
n4_0485,ボールを遠くへ投げました。,我把球丟到遠方。
n4_0486,先生は週末、何をなさいますか。,老師週末要做什麼？
n4_0487,この写真を見ると懐かしい気持ちになります。,看到這張照片會覺得很懷念。
n4_0488,台所からいい匂いがします。,廚房傳來很香的味道。
n4_0489,祖父は昨日から入院しています。,祖父從昨天開始住院。
n4_0490,妹は人形で遊んでいます。,妹妹正在玩人偶。
n4_0491,この布で袋を作ります。,我要用這塊布做袋子。
n4_0492,今朝、寝坊して学校に遅れました。,今天早上睡過頭，所以上學遲到了。
n4_0493,仕事がまだ少し残っています。,工作還剩下一點。
n4_0494,彼はもう家に着いたはずです。,他應該已經到家了。
n4_0495,シャツのボタンが外れました。,襯衫的扣子掉了。
n4_0496,来週、研究の結果を発表します。,下週我要發表研究結果。
n4_0497,新しい仕事を引き受けました。,我承接了新的工作。
n4_0498,来月、引っ越しをします。,我下個月要搬家。
n4_0499,牧場で羊を見ました。,我在牧場看到了羊。
n4_0500,この仕事には経験が必要です。,這份工作需要經驗。
n4_0501,大きな音にびっくりしました。,我被很大的聲音嚇了一跳。
n4_0502,明日、文法を復習します。,明天我要複習文法。
n4_0503,秋にぶどう園でぶどうを取りました。,秋天我在葡萄園採了葡萄。
n4_0504,学校で日本語の文法を勉強します。,我在學校學日文文法。
n4_0505,この機械は少し変な音がします。,這台機器發出有點奇怪的聲音。
n4_0506,昼に母の弁当を食べました。,中午我吃了媽媽做的便當。
n4_0507,僕は将来、医者になりたいです。,我將來想當醫生。
n4_0508,誠にありがとうございます。,非常感謝您。
n4_0509,小さい川をまたぎました。,我跨過了小河。
n4_0510,答えに間違いが一つありました。,答案裡有一個錯誤。
n4_0511,地球は太陽の周りを回ります。,地球繞著太陽轉。
n4_0512,湖の近くで写真を撮りました。,我在湖邊拍了照片。
n4_0513,味噌を使ってみそ汁を作ります。,我用味噌做味噌湯。
n4_0514,なくした鍵が見つかりました。,弄丟的鑰匙找到了。
n4_0515,駅で友達を見つけました。,我在車站找到了朋友。
n4_0516,皆で一緒に写真を撮りましょう。,大家一起拍照吧。
n4_0517,靴のひもを結びます。,我綁鞋帶。
n4_0518,夜遅く電話すると迷惑です。,太晚打電話會造成困擾。
n4_0519,忙しくて、最近は滅多に映画を見ません。,因為很忙，最近很少看電影。
n4_0520,この本は勉強に役に立ちます。,這本書對學習有幫助。
n4_0521,熱いお茶で手に火傷をしました。,我被熱茶燙傷了手。
n4_0522,母に指輪をプレゼントしました。,我送戒指給媽媽。
n4_0523,今日は用事があるので早く帰ります。,今天有事，所以我要早點回去。
n4_0524,父はお酒を飲んで酔っ払いました。,爸爸喝酒喝醉了。
n4_0525,予定表を見て、会議の時間を確認しました。,我看行程表確認了會議時間。
n4_0526,合格して家族が喜びました。,合格後，家人很高興。
n4_0527,遅れた理由書を会社に出しました。,我向公司交了遲到理由書。
n4_0528,肉と魚の両方を注文しました。,肉和魚我兩個都點了。
n4_0529,駅で旅行者に道を聞かれました。,我在車站被旅客問路。
n4_0530,先生にお礼を言いました。,我向老師道謝。
n4_0531,先生の説明は分かりやすいです。,老師的說明很容易懂。
n4_0532,祖父は少し忘れっぽくなりました。,祖父變得有點健忘。
n4_0533,彼は相変わらず元気です。,他依舊很有精神。
n4_0534,眠くて欠伸が出ました。,我很想睡，所以打了呵欠。
n4_0535,海外の生活に憧れています。,我嚮往海外生活。
n4_0536,冷めたスープを温めました。,我把冷掉的湯加熱。
n4_0537,約束を守るのは当たり前です。,遵守約定是理所當然的。
n4_0538,空に虹が現れました。,天空出現了彩虹。
n4_0539,彼はいきなり大きな声で笑いました。,他突然大聲笑了。
n4_0540,質問なら幾らでもしてください。,有問題的話，問多少都可以。
n4_0542,宅配便で荷物を受け取りました。,我收到了宅配包裹。
n4_0543,穴を土で埋めました。,我用土把洞填起來。
n4_0544,母の笑顔を見ると安心します。,看到媽媽的笑容就會安心。
n4_0545,彼女の演技はとても自然でした。,她的演技非常自然。
n4_0546,この話は少しおかしいです。,這件事有點奇怪。
n4_0547,授業中のお喋りはやめましょう。,上課時不要聊天。
n4_0548,失敗を恐れないでください。,請不要害怕失敗。
n4_0549,旅行のお土産にお菓子を買いました。,我買了點心當旅行伴手禮。
n4_0550,参加できる人数を十人に限ります。,可以參加的人數限十人。
n4_0551,猫が机の下に隠れました。,貓躲到桌子下面了。
n4_0552,二つの予定が重なりました。,兩個行程撞期了。
n4_0553,祖父が昔の話を語りました。,祖父講述了以前的故事。
n4_0554,友達の言葉に感動しました。,我被朋友的話感動了。
n4_0555,出かける前に着替えます。,出門前我會換衣服。
n4_0556,小さい変化に気付きました。,我注意到了小小的變化。
n4_0557,この靴が気に入りました。,我喜歡上這雙鞋了。
n4_0558,先生がプリントを配りました。,老師發了講義。
n4_0559,同じ説明を何度も繰り返しました。,我重複了好幾次同樣的說明。
n4_0560,試験の結果を先生に聞きました。,我向老師詢問了考試結果。
n4_0561,外国の学生と交流しました。,我和外國學生交流了。
n4_0562,細かい字が読みにくいです。,細小的字很難讀。
n4_0563,朝の電車はとても込んでいます。,早上的電車非常擁擠。
n4_0564,助けてと大きな声で叫びました。,我大聲喊救命。
n4_0565,熱いお茶を少し冷まします。,我把熱茶稍微放涼。
n4_0566,家族と過ごす時間は幸せです。,和家人一起度過的時間很幸福。
n4_0567,試験の前にしっかり勉強します。,考試前我會好好讀書。
n4_0568,新しい方法を試しましたが、失敗しました。,我試了新的方法，但失敗了。
n4_0569,父は来週大阪へ出張します。,爸爸下週要去大阪出差。
n4_0570,正直に本当のことを話しました。,我老實說了真話。
n4_0571,信号機が青になってから渡りましょう。,等紅綠燈變綠之後再過馬路吧。
n4_0572,会議で計画を進めます。,我們會在會議中推進計畫。
n4_0573,子供は大きな布団にすっぽり入っています。,小孩整個人被大棉被包住了。
n4_0574,週末に部屋を整理しました。,我週末整理了房間。
n4_0575,彼は何でも積極的に質問します。,他什麼都會積極提問。
n4_0576,強い風が木を倒しました。,強風吹倒了樹。
n4_0577,確かにその通りです。,確實是那樣。
n4_0578,困っている人を助けました。,我幫助了有困難的人。
n4_0579,電車が駅に近づいています。,電車正接近車站。
n4_0580,手でロープをしっかり掴みました。,我用手牢牢抓住繩子。
n4_0581,友達の買い物に付き合いました。,我陪朋友買東西。
n4_0582,風の強さを調べました。,我查了風的強度。
n4_0583,入学の手続きをしました。,我辦了入學手續。
n4_0584,針に糸を通しました。,我把線穿過針。
n4_0585,彼は数学が得意です。,他擅長數學。
n4_0586,かばんから書類を取り出しました。,我從包包拿出文件。
n4_0587,窓から海を眺めました。,我從窗戶眺望海。
n4_0588,新しい生活に慣れました。,我習慣了新的生活。
n4_0589,その服はあなたによく似合います。,那件衣服很適合你。
n4_0590,私は早起きが苦手です。,我不擅長早起。
n4_0591,髪を少し伸ばしています。,我正在把頭髮留長一點。
n4_0592,休日は家でのんびり過ごします。,假日我在家悠閒地度過。
n4_0593,部屋に入る前に時計を外しました。,進房間前我取下了手錶。
n4_0594,来月、東京へ引っ越します。,下個月我要搬去東京。
n4_0595,地図を机の上に広げました。,我把地圖攤在桌上。
n4_0596,留学して日本への理解を深めました。,我透過留學加深了對日本的理解。
n4_0597,授業中にふざけないでください。,上課中請不要胡鬧。
n4_0598,事故を防ぐために、ゆっくり運転します。,為了防止事故，我會慢慢開車。
n4_0599,兄と姉は二人とも大学生です。,哥哥和姐姐兩個人都是大學生。
n4_0600,ごみを減らす工夫をしています。,我正在想辦法減少垃圾。
n4_0601,家の内と外を掃除しました。,我打掃了家裡面和外面。
n4_0602,家の周りを散歩しました。,我在家附近散步。
n4_0603,資料は手元にあります。,資料在我手邊。
n4_0604,こっちへ来てください。,請到這邊來。
n4_0605,赤と青、どっちが好きですか。,紅色和藍色，你喜歡哪一個？
n4_0606,遠くに山が見えます。,遠方看得見山。
n4_0607,国内旅行の計画を立てました。,我擬定了國內旅行計畫。
n4_0608,祖父は小さな村に住んでいます。,祖父住在小村莊。
n4_0609,来年、アジアの国を旅行したいです。,明年我想去亞洲國家旅行。
n4_0610,アフリカの音楽に興味があります。,我對非洲音樂有興趣。
n4_0611,兄はアメリカへ留学しました。,哥哥去美國留學了。
n4_0612,静岡県には富士山があります。,靜岡縣有富士山。
n4_0613,この間、駅で先生に会いました。,前些日子我在車站遇到老師。
n4_0614,今夜、友達と電話で話します。,今晚我要和朋友講電話。
n4_0615,すぐに先生へ連絡してください。,請立刻聯絡老師。
n4_0616,今朝、朝寝坊して授業に遅れました。,今天早上我睡過頭，上課遲到了。
n4_0617,このごろ、少し涼しくなりました。,最近天氣變得稍微涼了。
n4_0618,では、行ってまいります。,那麼，我出門了。
n4_0619,いってらっしゃい。気をつけてね。,慢走。路上小心喔。
n4_0620,遠いところ、よくいらっしゃいました。,您遠道而來，歡迎。
n4_0621,お待たせしました。こちらへどうぞ。,讓您久等了。這邊請。
n4_0622,風邪ですか。それはいけませんね。,你感冒了嗎？那可不太好。
n4_0623,お子さんはお元気ですか。,您的孩子還好嗎？
n4_0624,息子さんは何歳ですか。,您的兒子幾歲？
n4_0625,娘さんはピアノを習っていますか。,您的女兒有在學鋼琴嗎？
n4_0626,高校生の弟は毎朝早く家を出ます。,高中生弟弟每天早上很早出門。
n4_0627,彼は若いころからお金持ちでした。,他年輕時就很有錢。
n4_0628,彼は同じ会社で働いています。,他在同一家公司工作。
n4_0629,姉は彼氏と映画を見に行きました。,姐姐和男朋友去看電影了。
n4_0630,赤ちゃんがベッドで眠っています。,寶寶正在床上睡覺。
n4_0631,子育てについて母に相談しました。,我向媽媽商量了育兒的事。
n4_0632,旅行中、友達に世話になりました。,旅行中我受朋友照顧了。
n4_0633,その格好で外へ出るのですか。,你要用那個打扮出門嗎？
n4_0634,長く本を読んで首が痛くなりました。,看書看很久，脖子變痛了。
n4_0635,重い荷物を持って背中が痛いです。,拿了重行李後背很痛。
n4_0636,人前でおならをして、恥ずかしかったです。,在人前放屁，我覺得很丟臉。
n4_0637,人は水なしでは生きられません。,人沒有水就活不下去。
n4_0638,祖父は去年亡くなりました。,祖父去年過世了。
n4_0639,赤ちゃんが静かに眠っています。,嬰兒安靜地睡著。
n4_0640,健康のためにダイエットを始めました。,為了健康，我開始減肥。
n4_0641,春になると花粉症で目がかゆくなります。,一到春天，我就因花粉過敏眼睛發癢。
n4_0642,祖母は週に二回ヘルパーに来てもらっています。,祖母每週請照護員來兩次。
n4_0643,熱があるので、お医者さんに診てもらいました。,因為發燒，我請醫生看診。
n4_0644,宿題を忘れてしまいました。,我不小心忘了作業。
n4_0645,健康のために毎朝運動しています。,為了健康，我每天早上運動。
n4_0646,週末、テニスコートを予約しました。,週末我預約了網球場。
n4_0647,日曜日にサッカーの試合があります。,星期日有足球比賽。
n4_0648,朝の空気はとても気持ちがいいです。,早晨的空氣讓人很舒服。
n4_0649,車にガソリンを入れました。,我幫車加了汽油。
n4_0650,窓のガラスが割れました。,窗戶玻璃破了。
n4_0651,この袋はナイロンでできています。,這個袋子是尼龍做的。
n4_0652,スープの味見をしました。,我試了湯的味道。
n4_0653,砂糖を大匙一杯入れてください。,請加入一大匙砂糖。
n4_0654,塩を小匙半分だけ入れます。,只加入半小匙鹽。
n4_0655,コーヒーカップを二つ用意しました。,我準備了兩個咖啡杯。
n4_0656,残った料理にラップをかけました。,我把剩下的料理包上保鮮膜。
n4_0657,今夜の夕飯はカレーです。,今晚的晚餐是咖哩。
n4_0658,パンにいちごのジャムを塗りました。,我在麵包上塗了草莓果醬。
n4_0659,今日は疲れたので外食します。,今天累了，所以要在外面吃飯。
n4_0660,喫煙席と禁煙席のどちらがいいですか。,吸菸座和禁菸座，您要哪一種？
n4_0661,禁煙席をお願いします。,請給我禁菸座。
n4_0662,会社の宴会に参加しました。,我參加了公司的宴會。
n4_0663,新しい先生の歓迎会を開きました。,我們辦了新老師的歡迎會。
n4_0664,先輩の送別会で花を渡しました。,我在前輩的送別會送了花。
n4_0665,この店には飲み放題のコースがあります。,這家店有喝到飽方案。
n4_0666,ビールと一緒におつまみを注文しました。,我和啤酒一起點了下酒菜。
n4_0667,夕飯に野菜のサラダを食べました。,晚餐我吃了蔬菜沙拉。
n4_0668,誕生日にステーキを食べました。,生日那天我吃了牛排。
n4_0669,私は虫が大嫌いです。,我非常討厭蟲。
n4_0670,兄の代わりに荷物を受け取りました。,我代替哥哥收下行李。
n4_0671,レジでお金を払ってください。,請在收銀台付款。
n4_0672,成人式で着物を着ました。,我在成人式穿了和服。
n4_0673,旅行には下着を多めに持っていきます。,旅行時我會多帶一些內衣。
n4_0674,母にイヤリングをプレゼントしました。,我送耳環給媽媽。
n4_0675,海へ行くのでサンダルを履きます。,因為要去海邊，所以我穿涼鞋。
n4_0676,小さなアクセサリーの店を見つけました。,我發現了一家小飾品店。
n4_0677,面接の日はスーツを着ます。,面試當天我會穿西裝。
n4_0678,このパソコンには新しいソフトを入れました。,這台電腦安裝了新軟體。
n4_0679,財布をハンドバッグに入れました。,我把錢包放進手提包。
n4_0680,昼休みに屋上で弁当を食べました。,午休時我在頂樓吃便當。
n4_0681,お客様を応接間へ案内しました。,我把客人帶到會客室。
n4_0682,駅へ向かっています。,我正前往車站。
n4_0683,駅前に高いビルがあります。,車站前有一棟高樓。
n4_0684,荷物が重いのでエスカレーターを使いました。,因為行李很重，所以我搭了電扶梯。
n4_0685,日本での生活に少し慣れました。,我稍微習慣在日本的生活了。
n4_0686,生ごみは決まった日に出してください。,廚餘請在指定日期拿出去丟。
n4_0687,燃えるごみは火曜日に出します。,可燃廢棄物星期二拿出去丟。
n4_0688,私の家は二階建てです。,我家是兩層樓建築。
n4_0689,旅行の前にスーツケースを買いました。,旅行前我買了行李箱。
n4_0690,ガスコンロでスープを温めました。,我用瓦斯爐把湯加熱。
n4_0691,雨の日は乾燥機を使います。,下雨天我會使用烘乾機。
n4_0692,洗濯機が壊れたのでコインランドリーへ行きました。,因為洗衣機壞了，我去了投幣式自助洗衣店。
n4_0693,父は古いステレオで音楽を聞いています。,爸爸用舊立體音響聽音樂。
n4_0694,携帯電話を家に忘れました。,我把手機忘在家裡了。
n4_0695,授業の終わりにベルが鳴りました。,下課時鈴聲響了。
n4_0696,このタイプの靴は歩きやすいです。,這種類型的鞋很好走。
n4_0697,掃除の道具を棚に戻しました。,我把清潔工具放回架子上。
n4_0698,正月に神社へお参りに行きました。,新年時我去神社參拜。
n4_0699,京都で古い寺を見学しました。,我在京都參觀了古老的寺廟。
n4_0700,週末に子供と動物園へ行きます。,週末我要和小孩去動物園。
n4_0701,兄はオートバイで会社へ行きます。,哥哥騎機車去公司。
n4_0702,大阪まで特急に乗りました。,我搭特急列車到大阪。
n4_0703,ガソリンスタンドで車にガソリンを入れました。,我在加油站幫車加汽油。
n4_0704,この道は今、工事中です。,這條路現在施工中。
n4_0705,電車は三番線から出ます。,電車從第三月台發車。
n4_0706,この道は一方通行です。,這條路是單行道。
n4_0707,線の内側に下がってください。,請退到線的內側。
n4_0708,箱の外側に名前を書きました。,我在箱子外側寫了名字。
n4_0709,駅までの近道を教えてください。,請告訴我到車站的捷徑。
n4_0710,父は運転席に座りました。,爸爸坐到了駕駛座。
n4_0711,自由席なので、好きな席に座れます。,因為是自由座，可以坐喜歡的位子。
n4_0712,事故でこの道は通行止めです。,因為事故，這條路禁止通行。
n4_0713,終電に間に合いました。,我趕上了末班電車。
n4_0714,信号無視は危険です。,闖紅燈很危險。
n4_0715,ここに車を止めると駐車違反になります。,車停在這裡會變成違規停車。
n4_0716,毎朝この道を通ります。,我每天早上經過這條路。
n4_0717,子供の遊びにもルールがあります。,小孩的遊戲也有規則。
n4_0718,庭に小鳥が来ました。,小鳥飛到院子裡了。
n4_0719,川で魚を釣りました。,我在河邊釣了魚。
n4_0720,旅行を楽しんでください。,請好好享受旅行。
n4_0721,好きなテレビ番組を録画しました。,我錄下了喜歡的電視節目。
n4_0722,妹は毎日ピアノを練習しています。,妹妹每天練習鋼琴。
n4_0723,来週、友達とコンサートへ行きます。,下週我要和朋友去音樂會。
n4_0724,来週、学校で式を行います。,下週學校會舉行典禮。
n4_0725,友達に誕生日プレゼントを渡しました。,我把生日禮物送給朋友。
n4_0726,大学で言語学を勉強しています。,我在大學學語言學。
n4_0727,兄は大学で経済学を学んでいます。,哥哥在大學學經濟學。
n4_0728,分からない言葉を辞典で調べました。,我用辭典查了不懂的詞。
n4_0729,昼休みに友達と弁当を食べました。,午休時我和朋友吃了便當。
n4_0730,来週までにレポートを出してください。,請在下週前交報告。
n4_0731,前期は文法を中心に勉強しました。,上學期主要學了文法。
n4_0732,後期は会話の授業が増えます。,下學期會話課會變多。
n4_0733,体育館で卒業式が行われました。,畢業典禮在體育館舉行。
n4_0734,週に二回、英会話を習っています。,我一週學兩次英語會話。
n4_0735,プログラミングの入門講座に申し込みました。,我報名了程式設計入門課程。
n4_0736,昼ご飯のあとで眠たいです。,午餐後我很想睡。
n4_0737,姉は新聞社で働いています。,姐姐在報社工作。
n4_0738,この町では工業が盛んです。,這個城鎮工業很興盛。
n4_0739,このアルバイトの時給は千二百円です。,這份打工的時薪是一千兩百日圓。
n4_0740,夏休みの計画を立てました。,我擬定了暑假計畫。
n4_0741,新しい技術について勉強しています。,我正在學習新技術。
n4_0742,試験まで一生懸命頑張ります。,考試前我會努力加油。
n4_0743,来月、今の会社を辞めます。,我下個月要從現在的公司離職。
n4_0744,週三日、スーパーでパートをしています。,我一週三天在超市打工。
n4_0745,引っ越しの手伝いをしました。,我幫忙搬家。
n4_0746,会議室で打ち合わせをします。,我們在會議室開會討論。
n4_0747,課長に新しい計画を説明しました。,我向課長說明了新計畫。
n4_0748,提出前に内容をチェックしました。,提交前我檢查了內容。
n4_0749,ノートパソコンでレポートを書きました。,我用筆記型電腦寫了報告。
n4_0750,会社のデスクトップパソコンで資料を作りました。,我用公司的桌上型電腦做了資料。
n4_0751,新しいキーボードで名前を入力しました。,我用新鍵盤輸入了名字。
n4_0752,マウスで画面のボタンをクリックしました。,我用滑鼠點擊了畫面上的按鈕。
n4_0753,画面のスタートボタンを押してください。,請按畫面上的開始按鈕。
n4_0754,画面のボタンをクリックしました。,我點擊了畫面上的按鈕。
n4_0755,名前をフォームに入力しました。,我把名字輸入到表單。
n4_0756,店のホームページを見ました。,我看了店家的網頁。
n4_0757,旅行のことをブログに書きました。,我把旅行的事寫在部落格。
n4_0758,新しいアプリをインストールしました。,我安裝了新的應用程式。
n4_0759,新しいメールを受信しました。,我收到了新的電子郵件。
n4_0760,新規作成のボタンを押してください。,請按新增的按鈕。
n4_0761,先生にメールを送りました。,我寄電子郵件給老師。
n4_0762,メールアドレスをもう一度確認しました。,我再次確認了電子郵件地址。
n4_0763,このサイトのアドレスを教えてください。,請告訴我這個網站的網址。
n4_0764,メールの宛先を間違えました。,我弄錯了電子郵件的收件人。
n4_0765,メールの件名を分かりやすく書きました。,我把電子郵件主旨寫得容易懂。
n4_0766,文章に写真を挿入しました。,我在文章裡插入了照片。
n4_0767,封筒に差出人の名前を書きました。,我在信封上寫了寄件人姓名。
n4_0768,メールに資料を添付しました。,我在電子郵件附上了資料。
n4_0769,先生にメールを送信しました。,我傳送了電子郵件給老師。
n4_0770,届いたメールを同僚に転送しました。,我把收到的電子郵件轉寄給同事。
n4_0771,雨なので旅行の予定をキャンセルしました。,因為下雨，我取消了旅行計畫。
n4_0772,大切なファイルを別の場所に保存しました。,我把重要檔案儲存到別的地方。
n4_0773,大切なファイルを保存しました。,我儲存了重要檔案。
n4_0774,友達のメールに返信しました。,我回覆了朋友的電子郵件。
n4_0775,スーパーで特売品を買いました。,我在超市買了特價品。
n4_0776,週末のバーゲンで靴を買いました。,我在週末特賣買了鞋子。
n4_0777,雨で試合が中止になりました。,比賽因雨中止了。
n4_0778,クレジットカードでホテル代を払いました。,我用信用卡付了飯店費用。
n4_0779,毎月、公共料金を銀行で払っています。,我每個月在銀行繳水電瓦斯等公共費用。
n4_0780,両親から毎月仕送りをもらっています。,我每個月收到父母匯來的生活費。
n4_0781,女性の割合が少し増えました。,女性的比例稍微增加了。
n4_0782,電車で痴漢にあったら、すぐ駅員に知らせてください。,如果在電車上遇到性騷擾，請立刻通知站務員。
n4_0783,ストーカーの被害を警察に相談しました。,我向警察商量了被跟蹤狂騷擾的事。
n4_0784,子供が時計を壊しました。,小孩弄壞了時鐘。
n4_0785,この数字に五を足してください。,請把這個數字加上五。
n4_0786,お金はこれで足ります。,錢這樣就夠了。
n4_0787,この町は店が多いです。,這個城鎮店很多。
n4_0788,公園に大きな木があります。,公園裡有一棵大樹。
n4_0789,小さな店で昼ご飯を食べました。,我在小店吃了午餐。
n4_0790,今の気持ちを日記に書きました。,我把現在的心情寫在日記裡。
n4_0791,夜の道を一人で歩くのは怖いです。,晚上獨自走路很可怕。
n4_0792,彼はクラスでよくもてます。,他在班上很受歡迎。
n4_0793,あの二人はいつもラブラブです。,那兩個人總是很甜蜜。
n4_0794,友達に会えて嬉しいです。,能見到朋友很高興。
n4_0795,彼の話にはユーモアがあります。,他的話很有幽默感。
n4_0796,試合に負けて残念でした。,比賽輸了，很遺憾。
n4_0797,友達に荷物を送りました。,我寄了包裹給朋友。
n4_0798,靴を履いたまま部屋に入らないでください。,請不要穿著鞋子進房間。
n4_0799,雨の場合は、試合を中止します。,下雨的情況下會中止比賽。
n4_0800,天気予報によると、明日は雨だそうです。,根據天氣預報，明天好像會下雨。
n4_0801,あんな言い方をしてはいけません。,不可以用那樣的說法。
n4_0802,事故の原因を調べています。,正在調查事故的原因。
n4_0803,この席でよろしいですか。,這個座位可以嗎？
n4_0804,明日の予定は承知しています。,我知道明天的行程。
n4_0805,毎晩、寝る前に日記を書いています。,我每天晚上睡前寫日記。
n4_0806,授業で使うテキストを買いました。,我買了上課用的課本。
n4_0807,週末に新しい漫画を読みました。,週末我讀了新的漫畫。
n4_0808,これから毎日、日本語を練習します。,從現在起，我每天練習日文。
n4_0809,駅までずっと歩きました。,我一直走到車站。
n4_0810,まず名前を書いてください。,首先請寫名字。
n4_0811,もうすぐ電車が来ます。,電車快要來了。
n4_0812,今日は随分寒いですね。,今天相當冷呢。
n4_0813,そんなに急がなくても大丈夫です。,不用那麼急也沒關係。
n4_0814,弟は漫画ばかり読んでいます。,弟弟淨是在看漫畫。
n4_0815,今日は非常に寒いです。,今天非常冷。
n4_0816,別に怒っているわけではありません。,我並不是特別在生氣。
n4_0817,駅まで十分程歩きました。,我走了大約十分鐘到車站。
n4_0818,宿題はほとんど終わりました。,作業幾乎完成了。
n4_0819,この問題は割合に簡単でした。,這個問題相對簡單。
n4_0820,こう書くと分かりやすいです。,這樣寫會比較容易懂。
n4_0821,もし時間があれば、電話してください。,如果有時間，請打電話給我。
n4_0822,ドアを開けました。すると、犬が入ってきました。,我打開門。於是狗走了進來。
n4_0823,雨が降りました。それで、試合は中止になりました。,下雨了。因此比賽中止了。
n4_0824,この店は安いです。それに、駅から近いです。,這家店很便宜。而且離車站很近。
n4_0825,熱があります。だから、今日は休みます。,我發燒了。所以今天要休息。
n4_0826,バスは十分置きに来ます。,公車每隔十分鐘來一班。
n4_0827,この部屋は前の部屋の二倍広いです。,這間房間是前一間的兩倍大。
n4_0828,田中様から電話がありました。,田中先生／女士來電話了。
n4_0829,これは日本製のカメラです。,這是日本製的相機。
n4_0830,この漢字は覚えにくいです。,這個漢字很難記。
n4_0831,音楽を聞きながら宿題をします。,我一邊聽音樂一邊寫作業。
n4_0832,先生が本を下さいました。,老師給了我書。
n4_0833,お手洗いは二階にございます。,洗手間在二樓。
n4_0834,こちらが会議室でございます。,這裡是會議室。
n4_0835,先生のお名前は存じ上げています。,我知道老師的名字。
n4_egg_0001,新しい部屋に合う家具を探しています。,我正在找適合新房間的傢俱。
n4_egg_0002,この機械は音がおかしいです。,這台機器的聲音怪怪的。
n4_egg_0003,熱があって体がつらいです。,我發燒了，身體很難受。
n4_egg_0004,温かいお茶を飲んで少し落ち着きました。,喝了溫熱的茶後稍微冷靜下來了。
n4_egg_0005,説明を聞いても全然分かりませんでした。,聽了說明還是完全不懂。
n4_egg_0006,もし時間があれば一緒に行きませんか。,如果有時間，要不要一起去？
n4_egg_0007,営業部の田中さんに連絡しました。,我聯絡了業務部的田中先生／女士。
n4_egg_0008,毎日一万歩歩くようにしています。,我盡量每天走一萬步。
n4_egg_0009,昼ご飯にハンバーグを食べました。,我午餐吃了漢堡排。
n4_egg_0010,健康のために朝ジョギングをしています。,我為了健康早上慢跑。
n4_egg_0011,ここで写真を撮ってはだめです。,不可以在這裡拍照。
n4_egg_0012,デザートにメロンを食べました。,我甜點吃了哈密瓜。
n4_egg_0013,この席でよろしいですか。,這個座位可以嗎？
n4_egg_0014,休み時間に友達とおしゃべりしました。,休息時間我和朋友聊天。
n4_egg_0015,日本語はまだまだですが頑張ります。,我的日文還不夠好，但我會努力。
n4_egg_0016,へえ、そんな方法があるんですね。,喔，原來有那種方法啊。
n4_egg_0017,これまで何度も京都へ行きました。,到目前為止我去過京都很多次。
n4_egg_0018,もちろん手伝います。,我當然會幫忙。
n4_egg_0019,昨日の雨はひどかったです。,昨天的雨下得很嚴重。
n4_egg_0020,やっぱりこの店の料理はおいしいです。,這家店的料理果然很好吃。
n4_egg_0021,授業中は大きな声でしゃべらないでください。,上課時請不要大聲說話。
n4_egg_0022,いやなら無理に参加しなくてもいいです。,如果不願意，不用勉強參加也沒關係。
n4_egg_0023,新しいコンピューターを買いました。,我買了新電腦。
n4_egg_0024,祖父は田舎におります。,祖父在鄉下。
n4_egg_0025,帰りにスーパーマーケットで牛乳を買います。,回家路上我會在超級市場買牛奶。
n4_egg_0026,ええと、次の会議は三時です。,嗯，下一場會議是三點。
n4_egg_0027,このラーメンはうまいです。,這碗拉麵很好吃。
n4_egg_0028,サラダにトマトを入れました。,我在沙拉裡放了番茄。
n4_egg_0029,週末に友達とカラオケへ行きました。,週末我和朋友去唱 KTV。
n4_egg_0030,電車で行きますか。それともバスで行きますか。,要搭電車去，還是搭公車去？
n4_egg_0031,それなら明日の朝にしましょう。,那樣的話，就改成明天早上吧。
n4_egg_0032,健康のためにタバコをやめました。,我為了健康戒菸了。
n4_egg_0033,子供がにこにこ笑っています。,小孩笑咪咪地笑著。
n4_egg_0034,そのジャケットはかっこいいですね。,那件外套很好看呢。
n4_egg_0035,会議で新しいアイデアを出しました。,我在會議上提出了新點子。
n4_egg_0036,試験のために毎日勉強しています。,我為了考試每天讀書。
n4_egg_0037,財布の中のお金がゼロになりました。,錢包裡的錢變成零了。
n4_egg_0038,駅の前にパトカーが止まっています。,車站前停著警車。
n4_egg_0039,一人ずつ名前を言ってください。,請一個人一個人說出名字。
n4_egg_0040,母にネックレスをプレゼントしました。,我送了項鍊給媽媽。
n4_egg_0041,この店にはいろんなパンがあります。,這家店有各式各樣的麵包。
n4_egg_0042,無理だったら早めに教えてください。,如果不行，請早點告訴我。
n4_egg_0043,このボタンを押すと音が出ます。,按這個按鈕就會發出聲音。
n4_egg_0044,玄関でスリッパに履き替えました。,我在玄關換上拖鞋。
n4_egg_0045,カレーににんじんを入れます。,我會在咖哩裡放紅蘿蔔。
n4_egg_0046,あ、財布を家に忘れました。,啊，我把錢包忘在家裡了。
n4_egg_0047,今日の仕事はこれでしまいです。,今天的工作到這裡結束。
n4_egg_0048,さあ、そろそろ出発しましょう。,來吧，差不多該出發了。
n4_egg_0049,店の中でタバコを吸わないでください。,請不要在店裡抽菸。
n4_egg_0050,たぶん明日は雨でしょう。,明天大概會下雨吧。
n4_egg_0051,そうだ、駅で友達に電話しよう。,對了，在車站打電話給朋友吧。
n4_egg_0052,書類をファクスで送りました。,我用傳真把文件送出去了。
n4_egg_0053,このマンションではペットを飼えます。,這棟公寓可以養寵物。
n4_egg_0054,汗をハンカチで拭きました。,我用手帕擦汗。
n4_egg_0055,次は私の番です。,接下來輪到我了。
n4_egg_0056,参加者は全部で二十名です。,參加者總共二十名。
n4_egg_0057,この部屋は無人です。,這個房間沒有人。
n4_egg_0058,電車は四両で来ました。,電車以四節車廂進站。
n4_egg_0059,肩が痛いので病院へ行きました。,肩膀很痛，所以我去了醫院。
n4_egg_0060,寒くて頬が赤くなりました。,天氣很冷，臉頰變紅了。
n4_egg_0061,冬は肌が乾きやすいです。,冬天皮膚很容易乾。
n4_egg_0062,その場で答えを考えました。,我當場思考答案。
n4_egg_0063,新しい仕事はよい結果を生みました。,新的工作產生了好的結果。
n4_egg_0064,間違いにすぐ気づきました。,我立刻注意到錯誤。
n4_egg_0065,大問題になる前に相談してください。,變成大問題前請先商量。
n4_egg_0066,この試合は三対二で終わりました。,這場比賽以三比二結束。
n4_egg_0067,学校の門の前で友達を待ちました。,我在學校大門前等朋友。
n4_egg_0068,東京へは二度行ったことがあります。,我去過東京兩次。
n4_egg_0069,祖父の死を聞いてとても悲しかったです。,聽到祖父過世，我非常難過。
n4_egg_0070,夏休みの間、図書館で勉強しました。,暑假期間，我在圖書館讀書。
n4_egg_0071,受付の係に名前を伝えてください。,請把名字告訴櫃台負責人。
n4_egg_0072,昨日の夜に小さな地震が起こりました。,昨天晚上發生了小地震。
n4_egg_0073,今日は勉強する気が出ません。,今天沒有讀書的心情。
n4_egg_0074,空き缶を袋に入れてください。,請把空罐放進袋子裡。
n4_egg_0075,この店は品が多いです。,這家店商品很多。
n4_egg_0076,和のデザインが好きです。,我喜歡日式設計。
n4_egg_0077,二人の点数には大きな差があります。,兩人的分數有很大的差距。
n4_egg_0078,箱の奥に古い写真がありました。,箱子深處有舊照片。
n4_egg_0079,鏡に顔が映っています。,臉映在鏡子裡。
n4_egg_0080,旅行中は身の安全に気をつけてください。,旅行時請注意自身安全。
n4_egg_0081,机の上の書類が無くなりました。,桌上的文件不見了。
n4_egg_0082,友達とチームを組みました。,我和朋友組成了隊伍。
n4_egg_0083,最後まで諦めずに戦いました。,我沒有放棄，奮戰到最後。
n4_egg_0084,例を見ながら練習してください。,請一邊看例子一邊練習。
n4_egg_0085,寝る前にお湯を飲みました。,睡前我喝了熱水。
n4_egg_0086,最近の社会の動きに興味があります。,我對最近社會的動向有興趣。
n4_egg_0087,町の人々が祭りの準備をしています。,鎮上的人們正在準備祭典。
n4_egg_0088,子供に飴を一つあげました。,我給了小孩一顆糖果。
n4_egg_0089,近所の子が毎朝あいさつしてくれます。,附近的小孩每天早上都會向我打招呼。
n4_egg_0090,この市には大きな公園があります。,這個市有一座大公園。
n4_egg_0091,黒板の字が小さくて見えません。,黑板上的字太小，看不見。
n4_egg_0092,薬を飲んだら風邪が治りました。,吃藥後感冒好了。
n4_egg_0093,階段で転んでけがをしました。,我在樓梯跌倒受傷了。
n4_egg_0094,庭の葉っぱが黄色くなりました。,庭院裡的葉子變黃了。
n4_egg_0095,この店の名はよく知られています。,這家店的名字很有名。
n4_egg_0096,運動して体重が少し減りました。,運動後體重稍微減少了。
n4_egg_0097,祖父は田で米を作っています。,祖父在稻田裡種米。
n4_egg_0098,来月から新しい先生に代わります。,下個月開始會換成新老師。
n4_egg_0099,この料理のやり方を教えてください。,請教我這道料理的做法。
n4_egg_0100,列の先に先生が立っています。,隊伍前方站著老師。
n4_egg_0101,先に名前を書いてください。,請先寫名字。
n4_egg_0102,ぜひまた遊びに来てください。,請一定要再來玩。
n4_egg_0103,壁にポスターを貼りました。,我把海報貼在牆上。
n4_egg_0104,道の右側を歩いてください。,請走道路右側。
n4_egg_0105,今日は黒いズボンをはいています。,我今天穿著黑色褲子。
n4_egg_0106,誰か手伝ってくれませんか。,有人可以幫忙嗎？
n4_egg_0107,妹はピアノを弾くのが好きです。,妹妹喜歡彈鋼琴。
n4_egg_0108,大学を卒業しました。その後、会社に入りました。,我大學畢業了。之後進了公司。
n4_egg_0109,朝ご飯にみそ汁を飲みました。,我早餐喝了味噌湯。
n4_egg_0110,この答えは少し違います。,這個答案有點不一樣。
n4_egg_0111,体育館でバスケットボールをしました。,我在體育館打了籃球。
n4_egg_0112,旅行でたくさん写真を撮りました。,旅行時我拍了很多照片。
n4_egg_0113,この地で新しい生活を始めました。,我在這個地方開始了新生活。
n4_egg_0114,次に本文を読んでください。,接著請閱讀本文。
n4_egg_0115,来週の会に参加します。,我會參加下週的聚會。
n4_egg_0116,全員無事に家へ帰りました。,所有人都平安回家了。
n4_egg_0117,旅行中に和食をたくさん食べました。,旅行中我吃了很多日式料理。
n4_egg_0118,肉は冷蔵で保存してください。,肉請冷藏保存。
n4_egg_0119,正確な時間を教えてください。,請告訴我正確時間。
n4_egg_0120,子供のころ折り紙で遊びました。,小時候我玩過摺紙。
n4_egg_0121,昼ご飯にそばを食べました。,我午餐吃了蕎麥麵。
n4_egg_0122,災害のために食料を準備しました。,我為了災害準備了食物。
n4_egg_0123,この問題は自分自身で考えてください。,這個問題請自己思考。
n4_egg_0124,この機械の使い方を説明します。,我來說明這台機器的使用方法。
n4_egg_0125,空き缶はここに捨ててください。,空罐請丟在這裡。
n4_egg_0126,駅前には大勢の人がいました。,車站前有很多人。
n4_egg_0127,この言葉は仮名で書いてください。,這個詞請用假名寫。
n4_egg_0128,祖母に着付けを習いました。,我跟祖母學了和服穿法。
n4_egg_0129,駅前で友達と待ち合わせました。,我在車站前和朋友碰面。
n4_egg_0130,お客様を丁寧に接待しました。,我仔細接待了客人。
n4_egg_0131,妹に絵本を読んであげました。,我唸繪本給妹妹聽。
n4_egg_0132,彼はチームの一員です。,他是團隊的一員。
n4_egg_0133,この機械は使い方が簡単です。,這台機器的使用方法很簡單。
n4_egg_0134,両手で荷物を持ちました。,我用雙手拿行李。
n4_egg_0135,夕食は家族と一緒に食べます。,晚餐我和家人一起吃。
n4_egg_0136,日本に来て半年になります。,我來日本已經半年了。
n4_egg_0137,この漢字の読み方を教えてください。,請告訴我這個漢字的讀法。
n4_egg_0138,電子レンジで弁当を温めました。,我用微波爐加熱便當。
n4_egg_0139,この会場には最大で百人入れます。,這個會場最多可以容納一百人。
n4_egg_0140,入り口でチケットを見せてください。,請在入口出示票券。
n4_egg_0141,放課後に友達と卓球をしました。,放學後我和朋友打桌球。
n4_egg_0142,地図でホテルの位置を確認しました。,我在地圖上確認了飯店的位置。
n4_egg_0143,説明を聞いて疑問が一つ残りました。,聽完說明後還留下一個疑問。
n4_egg_0144,静かに勉強できる場所を探しています。,我正在找可以安靜讀書的地方。
n4_egg_0145,冗談を言ってみんなを笑わせました。,我說了笑話讓大家笑了。
n4_egg_0146,作文の書き方を先生に教わりました。,我向老師學了作文的寫法。
n4_egg_0147,新しい腕時計を買いました。,我買了新手錶。
n4_egg_0148,土曜日に学校で運動会があります。,星期六學校有運動會。
n4_egg_0149,けが人を救急車で病院へ運びました。,受傷的人被救護車送到醫院。
n4_egg_0150,運動場でサッカーの練習をしました。,我在操場練習足球。
n4_egg_0151,授業の初めに自己紹介をしました。,上課一開始我做了自我介紹。
n4_egg_0152,夕食に鳥肉の料理を作りました。,晚餐我做了雞肉料理。
