id,reason,note
n5_0751,missing_source_word,"Requested range n5_0601-n5_0800, but web/data/word_data.js currently has core N5 ids only through n5_0750."
n5_0752,missing_source_word,"Requested range n5_0601-n5_0800, but web/data/word_data.js currently has core N5 ids only through n5_0750."
n5_0753,missing_source_word,"Requested range n5_0601-n5_0800, but web/data/word_data.js currently has core N5 ids only through n5_0750."
n5_0754,missing_source_word,"Requested range n5_0601-n5_0800, but web/data/word_data.js currently has core N5 ids only through n5_0750."
n5_0755,missing_source_word,"Requested range n5_0601-n5_0800, but web/data/word_data.js currently has core N5 ids only through n5_0750."
n5_0756,missing_source_word,"Requested range n5_0601-n5_0800, but web/data/word_data.js currently has core N5 ids only through n5_0750."
n5_0757,missing_source_word,"Requested range n5_0601-n5_0800, but web/data/word_data.js currently has core N5 ids only through n5_0750."
n5_0758,missing_source_word,"Requested range n5_0601-n5_0800, but web/data/word_data.js currently has core N5 ids only through n5_0750."
n5_0759,missing_source_word,"Requested range n5_0601-n5_0800, but web/data/word_data.js currently has core N5 ids only through n5_0750."
n5_0760,missing_source_word,"Requested range n5_0601-n5_0800, but web/data/word_data.js currently has core N5 ids only through n5_0750."
n5_0761,missing_source_word,"Requested range n5_0601-n5_0800, but web/data/word_data.js currently has core N5 ids only through n5_0750."
n5_0762,missing_source_word,"Requested range n5_0601-n5_0800, but web/data/word_data.js currently has core N5 ids only through n5_0750."
n5_0763,missing_source_word,"Requested range n5_0601-n5_0800, but web/data/word_data.js currently has core N5 ids only through n5_0750."
n5_0764,missing_source_word,"Requested range n5_0601-n5_0800, but web/data/word_data.js currently has core N5 ids only through n5_0750."
n5_0765,missing_source_word,"Requested range n5_0601-n5_0800, but web/data/word_data.js currently has core N5 ids only through n5_0750."
n5_0766,missing_source_word,"Requested range n5_0601-n5_0800, but web/data/word_data.js currently has core N5 ids only through n5_0750."
n5_0767,missing_source_word,"Requested range n5_0601-n5_0800, but web/data/word_data.js currently has core N5 ids only through n5_0750."
n5_0768,missing_source_word,"Requested range n5_0601-n5_0800, but web/data/word_data.js currently has core N5 ids only through n5_0750."
n5_0769,missing_source_word,"Requested range n5_0601-n5_0800, but web/data/word_data.js currently has core N5 ids only through n5_0750."
n5_0770,missing_source_word,"Requested range n5_0601-n5_0800, but web/data/word_data.js currently has core N5 ids only through n5_0750."
n5_0771,missing_source_word,"Requested range n5_0601-n5_0800, but web/data/word_data.js currently has core N5 ids only through n5_0750."
n5_0772,missing_source_word,"Requested range n5_0601-n5_0800, but web/data/word_data.js currently has core N5 ids only through n5_0750."
n5_0773,missing_source_word,"Requested range n5_0601-n5_0800, but web/data/word_data.js currently has core N5 ids only through n5_0750."
n5_0774,missing_source_word,"Requested range n5_0601-n5_0800, but web/data/word_data.js currently has core N5 ids only through n5_0750."
n5_0775,missing_source_word,"Requested range n5_0601-n5_0800, but web/data/word_data.js currently has core N5 ids only through n5_0750."
n5_0776,missing_source_word,"Requested range n5_0601-n5_0800, but web/data/word_data.js currently has core N5 ids only through n5_0750."
n5_0777,missing_source_word,"Requested range n5_0601-n5_0800, but web/data/word_data.js currently has core N5 ids only through n5_0750."
n5_0778,missing_source_word,"Requested range n5_0601-n5_0800, but web/data/word_data.js currently has core N5 ids only through n5_0750."
n5_0779,missing_source_word,"Requested range n5_0601-n5_0800, but web/data/word_data.js currently has core N5 ids only through n5_0750."
n5_0780,missing_source_word,"Requested range n5_0601-n5_0800, but web/data/word_data.js currently has core N5 ids only through n5_0750."
n5_0781,missing_source_word,"Requested range n5_0601-n5_0800, but web/data/word_data.js currently has core N5 ids only through n5_0750."
n5_0782,missing_source_word,"Requested range n5_0601-n5_0800, but web/data/word_data.js currently has core N5 ids only through n5_0750."
n5_0783,missing_source_word,"Requested range n5_0601-n5_0800, but web/data/word_data.js currently has core N5 ids only through n5_0750."
n5_0784,missing_source_word,"Requested range n5_0601-n5_0800, but web/data/word_data.js currently has core N5 ids only through n5_0750."
n5_0785,missing_source_word,"Requested range n5_0601-n5_0800, but web/data/word_data.js currently has core N5 ids only through n5_0750."
n5_0786,missing_source_word,"Requested range n5_0601-n5_0800, but web/data/word_data.js currently has core N5 ids only through n5_0750."
n5_0787,missing_source_word,"Requested range n5_0601-n5_0800, but web/data/word_data.js currently has core N5 ids only through n5_0750."
n5_0788,missing_source_word,"Requested range n5_0601-n5_0800, but web/data/word_data.js currently has core N5 ids only through n5_0750."
n5_0789,missing_source_word,"Requested range n5_0601-n5_0800, but web/data/word_data.js currently has core N5 ids only through n5_0750."
n5_0790,missing_source_word,"Requested range n5_0601-n5_0800, but web/data/word_data.js currently has core N5 ids only through n5_0750."
n5_0791,missing_source_word,"Requested range n5_0601-n5_0800, but web/data/word_data.js currently has core N5 ids only through n5_0750."
n5_0792,missing_source_word,"Requested range n5_0601-n5_0800, but web/data/word_data.js currently has core N5 ids only through n5_0750."
n5_0793,missing_source_word,"Requested range n5_0601-n5_0800, but web/data/word_data.js currently has core N5 ids only through n5_0750."
n5_0794,missing_source_word,"Requested range n5_0601-n5_0800, but web/data/word_data.js currently has core N5 ids only through n5_0750."
n5_0795,missing_source_word,"Requested range n5_0601-n5_0800, but web/data/word_data.js currently has core N5 ids only through n5_0750."
n5_0796,missing_source_word,"Requested range n5_0601-n5_0800, but web/data/word_data.js currently has core N5 ids only through n5_0750."
n5_0797,missing_source_word,"Requested range n5_0601-n5_0800, but web/data/word_data.js currently has core N5 ids only through n5_0750."
n5_0798,missing_source_word,"Requested range n5_0601-n5_0800, but web/data/word_data.js currently has core N5 ids only through n5_0750."
n5_0799,missing_source_word,"Requested range n5_0601-n5_0800, but web/data/word_data.js currently has core N5 ids only through n5_0750."
n5_0800,missing_source_word,"Requested range n5_0601-n5_0800, but web/data/word_data.js currently has core N5 ids only through n5_0750."
